Malloc	8016
Lalloc	8024
Malloc	80
Malloc	40
Malloc	48
Malloc	80
Malloc	40
Malloc	48
Malloc	80
Malloc	40
Malloc	48
Malloc	80
Malloc	40
Malloc	48
Malloc	80
Malloc	40
Malloc	48
Malloc	80
Malloc	40
Malloc	48
Malloc	80
Malloc	40
Malloc	48
Malloc	80
Malloc	40
Malloc	48
Malloc	80
Malloc	40
Malloc	48
Malloc	80
Malloc	40
Malloc	48
Malloc	80
Malloc	40
Malloc	48
Malloc	80
Malloc	40
Malloc	48
Malloc	80
Malloc	40
Malloc	48
Malloc	80
Malloc	40
Malloc	48
Malloc	80
Malloc	40
Malloc	48
Malloc	80
Malloc	40
Malloc	48
Malloc	80
Malloc	40
Malloc	48
Malloc	80
Malloc	40
Malloc	48
Malloc	80
Malloc	40
Malloc	48
Malloc	80
Malloc	40
Malloc	48
Malloc	80
Malloc	40
Malloc	48
Malloc	80
Malloc	40
Malloc	48
Malloc	80
Malloc	40
Malloc	48
Malloc	80
Malloc	40
Malloc	48
Malloc	80
Malloc	40
Malloc	48
Malloc	80
Malloc	40
Malloc	48
Malloc	80
Malloc	40
Malloc	48
Malloc	80
Malloc	40
Malloc	48
Malloc	80
Malloc	40
Malloc	48
Malloc	80
Malloc	40
Malloc	48
Malloc	80
Malloc	40
Malloc	48
Malloc	80
Malloc	40
Malloc	48
Malloc	80
Malloc	40
Malloc	48
Malloc	80
Malloc	40
Malloc	48
Malloc	80
Malloc	40
Malloc	48
Malloc	80
Malloc	40
Malloc	48
Malloc	80
Malloc	40
Malloc	48
Malloc	80
Malloc	40
Malloc	48
Malloc	80
Malloc	40
Malloc	48
Malloc	80
Malloc	40
Malloc	48
Malloc	80
Malloc	40
Malloc	48
Malloc	80
Malloc	40
Malloc	48
Malloc	80
Malloc	40
Malloc	48
Malloc	80
Malloc	40
Malloc	48
Malloc	80
Malloc	40
Malloc	48
Malloc	80
Malloc	40
Malloc	48
Malloc	80
Malloc	40
Malloc	48
Malloc	80
Malloc	40
Malloc	48
Malloc	80
Malloc	40
Malloc	48
Malloc	80
Malloc	40
Malloc	48
Malloc	80
Malloc	40
Malloc	48
Malloc	80
Malloc	40
Malloc	48
Malloc	80
Malloc	40
Malloc	48
Malloc	80
Malloc	40
Malloc	48
Malloc	80
Malloc	40
Malloc	48
Malloc	80
Malloc	40
Malloc	48
Malloc	80
Malloc	40
Malloc	48
Malloc	80
Malloc	40
Malloc	48
Malloc	80
Malloc	40
Malloc	48
Malloc	80
Malloc	40
Malloc	48
Malloc	80
Malloc	40
Malloc	48
Malloc	80
Malloc	40
Malloc	48
Malloc	80
Malloc	40
Malloc	48
Malloc	80
Malloc	40
Malloc	48
Malloc	80
Malloc	40
Malloc	48
Malloc	80
Malloc	40
Malloc	48
Malloc	80
Malloc	40
Malloc	48
Malloc	80
Malloc	40
Malloc	48
Malloc	80
Malloc	40
Malloc	48
Malloc	80
Malloc	40
Malloc	48
Malloc	80
Malloc	40
Malloc	48
Malloc	80
Malloc	40
Malloc	48
Malloc	80
Malloc	40
Malloc	48
Malloc	80
Malloc	40
Malloc	48
Malloc	80
Malloc	40
Malloc	48
Malloc	80
Malloc	40
Malloc	48
Malloc	80
Malloc	40
Malloc	48
Malloc	80
Malloc	40
Malloc	48
Malloc	80
Malloc	40
Malloc	48
Malloc	80
Malloc	40
Malloc	48
Malloc	80
Malloc	40
Malloc	48
Malloc	80
Malloc	40
Malloc	48
Malloc	80
Malloc	40
Malloc	48
Malloc	80
Malloc	40
Malloc	48
Malloc	80
Malloc	40
Malloc	48
Malloc	80
Malloc	40
Malloc	48
Malloc	80
Malloc	40
Malloc	48
Malloc	80
Malloc	40
Malloc	48
Malloc	80
Malloc	40
Malloc	48
Malloc	80
Malloc	40
Malloc	48
Malloc	80
Malloc	40
Malloc	48
Malloc	80
Malloc	40
Malloc	48
Malloc	80
Malloc	40
Malloc	48
Malloc	80
Malloc	40
Malloc	48
Malloc	80
Malloc	40
Malloc	48
Malloc	80
Malloc	40
Malloc	48
Malloc	80
Malloc	40
Malloc	48
Malloc	80
Malloc	40
Malloc	48
Malloc	80
Malloc	40
Malloc	48
Malloc	80
Malloc	40
Malloc	48
Malloc	80
Malloc	40
Malloc	48
Malloc	80
Malloc	40
Malloc	48
Malloc	80
Malloc	40
Malloc	48
Malloc	80
Malloc	40
Malloc	48
Malloc	80
Malloc	40
Malloc	48
Malloc	80
Malloc	40
Malloc	48
Malloc	80
Malloc	40
Malloc	48
Malloc	80
Malloc	40
Malloc	48
Malloc	80
Malloc	40
Malloc	48
Malloc	80
Malloc	40
Malloc	48
Malloc	80
Malloc	40
Malloc	48
Malloc	80
Malloc	40
Malloc	48
Malloc	80
Malloc	40
Malloc	48
Malloc	80
Malloc	40
Malloc	48
Malloc	80
Malloc	40
Malloc	48
Malloc	80
Malloc	40
Malloc	48
Malloc	80
Malloc	40
Malloc	48
Malloc	80
Malloc	40
Malloc	48
Malloc	80
Malloc	40
Malloc	48
Malloc	80
Malloc	40
Malloc	48
Malloc	80
Malloc	40
Malloc	48
Malloc	80
Malloc	40
Malloc	48
Malloc	80
Malloc	40
Malloc	48
Malloc	80
Malloc	40
Malloc	48
Malloc	80
Malloc	40
Malloc	48
Malloc	80
Malloc	40
Malloc	48
Malloc	80
Malloc	40
Malloc	48
Malloc	80
Malloc	40
Malloc	48
Malloc	80
Malloc	40
Malloc	48
Malloc	80
Malloc	40
Malloc	48
Malloc	80
Malloc	40
Malloc	48
Malloc	80
Malloc	40
Malloc	48
Malloc	80
Malloc	40
Malloc	48
Malloc	80
Malloc	40
Malloc	48
Malloc	80
Malloc	40
Malloc	48
Malloc	80
Malloc	40
Malloc	48
Malloc	80
Malloc	40
Malloc	48
Malloc	80
Malloc	40
Malloc	48
Malloc	80
Malloc	40
Malloc	48
Malloc	80
Malloc	40
Malloc	48
Malloc	80
Malloc	40
Malloc	48
Malloc	80
Malloc	40
Malloc	48
Malloc	80
Malloc	40
Malloc	48
Malloc	80
Malloc	40
Malloc	48
Malloc	80
Malloc	40
Malloc	48
Malloc	80
Malloc	40
Malloc	48
Malloc	80
Malloc	40
Malloc	48
Malloc	80
Malloc	40
Malloc	48
Malloc	80
Malloc	40
Malloc	48
Malloc	80
Malloc	40
Malloc	48
Malloc	80
Malloc	40
Malloc	48
Malloc	80
Malloc	40
Malloc	48
Malloc	80
Malloc	40
Malloc	48
Malloc	80
Malloc	40
Malloc	48
Malloc	80
Malloc	40
Malloc	48
Malloc	80
Malloc	40
Malloc	48
Malloc	80
Malloc	40
Malloc	48
Malloc	80
Malloc	40
Malloc	48
Malloc	80
Malloc	40
Malloc	48
Malloc	80
Malloc	40
Malloc	48
Malloc	80
Malloc	40
Malloc	48
Malloc	80
Malloc	40
Malloc	48
Malloc	80
Malloc	40
Malloc	48
Malloc	80
Malloc	40
Malloc	48
Malloc	80
Malloc	40
Malloc	48
Malloc	80
Malloc	40
Malloc	48
Malloc	80
Malloc	40
Malloc	48
Malloc	80
Malloc	40
Malloc	48
Malloc	80
Malloc	40
Malloc	48
Malloc	80
Malloc	40
Malloc	48
Malloc	80
Malloc	40
Malloc	48
Malloc	80
Malloc	40
Malloc	48
Malloc	80
Malloc	40
Malloc	48
Malloc	80
Malloc	40
Malloc	48
Malloc	80
Malloc	40
Malloc	48
Malloc	80
Malloc	40
Malloc	48
Malloc	80
Malloc	40
Malloc	48
Malloc	80
Malloc	40
Malloc	48
Malloc	80
Malloc	40
Malloc	48
Malloc	80
Malloc	40
Malloc	48
Malloc	80
Malloc	40
Malloc	48
Malloc	80
Malloc	40
Malloc	48
Malloc	80
Malloc	40
Malloc	48
Malloc	80
Malloc	40
Malloc	48
Malloc	80
Malloc	40
Malloc	48
Malloc	80
Malloc	40
Malloc	48
Malloc	80
Malloc	40
Malloc	48
Malloc	80
Malloc	40
Malloc	48
Malloc	80
Malloc	40
Malloc	48
Malloc	80
Malloc	40
Malloc	48
Malloc	80
Malloc	40
Malloc	48
Malloc	80
Malloc	40
Malloc	48
Malloc	80
Malloc	40
Malloc	48
Malloc	80
Malloc	40
Malloc	48
Malloc	80
Malloc	40
Malloc	48
Malloc	80
Malloc	40
Malloc	48
Malloc	80
Malloc	40
Malloc	48
Malloc	80
Malloc	40
Malloc	48
Malloc	80
Malloc	40
Malloc	48
Malloc	80
Malloc	40
Malloc	48
Malloc	80
Malloc	40
Malloc	48
Malloc	80
Malloc	40
Malloc	48
Malloc	80
Malloc	40
Malloc	48
Malloc	80
Malloc	40
Malloc	48
Malloc	80
Malloc	40
Malloc	48
Malloc	80
Malloc	40
Malloc	48
Malloc	80
Malloc	40
Malloc	48
Malloc	80
Malloc	40
Malloc	48
Malloc	80
Malloc	40
Malloc	48
Malloc	80
Malloc	40
Malloc	48
Malloc	80
Malloc	40
Malloc	48
Malloc	80
Malloc	40
Malloc	48
Malloc	80
Malloc	40
Malloc	48
Malloc	80
Malloc	40
Malloc	48
Malloc	80
Malloc	40
Malloc	48
Malloc	80
Malloc	40
Malloc	48
Malloc	80
Malloc	40
Malloc	48
Malloc	80
Malloc	40
Malloc	48
Malloc	80
Malloc	40
Malloc	48
Malloc	80
Malloc	40
Malloc	48
Malloc	80
Malloc	40
Malloc	48
Malloc	80
Malloc	40
Malloc	48
Malloc	80
Malloc	40
Malloc	48
Malloc	80
Malloc	40
Malloc	48
Malloc	80
Malloc	40
Malloc	48
Malloc	80
Malloc	40
Malloc	48
Malloc	80
Malloc	40
Malloc	48
Malloc	80
Malloc	40
Malloc	48
Malloc	80
Malloc	40
Malloc	48
Malloc	80
Malloc	40
Malloc	48
Malloc	80
Malloc	40
Malloc	48
Malloc	80
Malloc	40
Malloc	48
Malloc	80
Malloc	40
Malloc	48
Malloc	80
Malloc	40
Malloc	48
Malloc	80
Malloc	40
Malloc	48
Malloc	80
Malloc	40
Malloc	48
Malloc	80
Malloc	40
Malloc	48
Malloc	80
Malloc	40
Malloc	48
Malloc	80
Malloc	40
Malloc	48
Malloc	80
Malloc	40
Malloc	48
Malloc	80
Malloc	40
Malloc	48
Malloc	80
Malloc	40
Malloc	48
Malloc	80
Malloc	40
Malloc	48
Malloc	80
Malloc	40
Malloc	48
Malloc	80
Malloc	40
Malloc	48
Malloc	80
Malloc	40
Malloc	48
Malloc	80
Malloc	40
Malloc	48
Malloc	80
Malloc	40
Malloc	48
Malloc	80
Malloc	40
Malloc	48
Malloc	80
Malloc	40
Malloc	48
Malloc	80
Malloc	40
Malloc	48
Malloc	80
Malloc	40
Malloc	48
Malloc	80
Malloc	40
Malloc	48
Malloc	80
Malloc	40
Malloc	48
Malloc	80
Malloc	40
Malloc	48
Malloc	80
Malloc	40
Malloc	48
Malloc	80
Malloc	40
Malloc	48
Malloc	80
Malloc	40
Malloc	48
Malloc	80
Malloc	40
Malloc	48
Malloc	80
Malloc	40
Malloc	48
Malloc	80
Malloc	40
Malloc	48
Malloc	80
Malloc	40
Malloc	48
Malloc	80
Malloc	40
Malloc	48
Malloc	80
Malloc	40
Malloc	48
Malloc	80
Malloc	40
Malloc	48
Malloc	80
Malloc	40
Malloc	48
Malloc	80
Malloc	40
Malloc	48
Malloc	80
Malloc	40
Malloc	48
Malloc	80
Malloc	40
Malloc	48
Malloc	80
Malloc	40
Malloc	48
Malloc	80
Malloc	40
Malloc	48
Malloc	80
Malloc	40
Malloc	48
Malloc	80
Malloc	40
Malloc	48
Malloc	80
Malloc	40
Malloc	48
Malloc	80
Malloc	40
Malloc	48
Malloc	80
Malloc	40
Malloc	48
Malloc	80
Malloc	40
Malloc	48
Malloc	80
Malloc	40
Malloc	48
Malloc	80
Malloc	40
Malloc	48
Malloc	80
Malloc	40
Malloc	48
Malloc	80
Malloc	40
Malloc	48
Malloc	80
Malloc	40
Malloc	48
Malloc	80
Malloc	40
Malloc	48
Malloc	80
Malloc	40
Malloc	48
Malloc	80
Malloc	40
Malloc	48
Malloc	80
Malloc	40
Malloc	48
Malloc	80
Malloc	40
Malloc	48
Malloc	80
Malloc	40
Malloc	48
Malloc	80
Malloc	40
Malloc	48
Malloc	80
Malloc	40
Malloc	48
Malloc	80
Malloc	40
Malloc	48
Malloc	80
Malloc	40
Malloc	48
Malloc	80
Malloc	40
Malloc	48
Malloc	80
Malloc	40
Malloc	48
Malloc	80
Malloc	40
Malloc	48
Malloc	80
Malloc	40
Malloc	48
Malloc	80
Malloc	40
Malloc	48
Malloc	80
Malloc	40
Malloc	48
Malloc	80
Malloc	40
Malloc	48
Malloc	80
Malloc	40
Malloc	48
Malloc	80
Malloc	40
Malloc	48
Malloc	80
Malloc	40
Malloc	48
Malloc	80
Malloc	40
Malloc	48
Malloc	80
Malloc	40
Malloc	48
Malloc	80
Malloc	40
Malloc	48
Malloc	80
Malloc	40
Malloc	48
Malloc	80
Malloc	40
Malloc	48
Malloc	80
Malloc	40
Malloc	48
Malloc	80
Malloc	40
Malloc	48
Malloc	80
Malloc	40
Malloc	48
Malloc	80
Malloc	40
Malloc	48
Malloc	80
Malloc	40
Malloc	48
Malloc	80
Malloc	40
Malloc	48
Malloc	80
Malloc	40
Malloc	48
Malloc	80
Malloc	40
Malloc	48
Malloc	80
Malloc	40
Malloc	48
Malloc	80
Malloc	40
Malloc	48
Malloc	80
Malloc	40
Malloc	48
Malloc	80
Malloc	40
Malloc	48
Malloc	80
Malloc	40
Malloc	48
Malloc	80
Malloc	40
Malloc	48
Malloc	80
Malloc	40
Malloc	48
Malloc	80
Malloc	40
Malloc	48
Malloc	80
Malloc	40
Malloc	48
Malloc	80
Malloc	40
Malloc	48
Malloc	80
Malloc	40
Malloc	48
Malloc	80
Malloc	40
Malloc	48
Malloc	80
Malloc	40
Malloc	48
Malloc	80
Malloc	40
Malloc	48
Malloc	80
Malloc	40
Malloc	48
Malloc	80
Malloc	40
Malloc	48
Malloc	80
Malloc	40
Malloc	48
Malloc	80
Malloc	40
Malloc	48
Malloc	80
Malloc	40
Malloc	48
Malloc	80
Malloc	40
Malloc	48
Malloc	80
Malloc	40
Malloc	48
Malloc	80
Malloc	40
Malloc	48
Malloc	80
Malloc	40
Malloc	48
Malloc	80
Malloc	40
Malloc	48
Malloc	80
Malloc	40
Malloc	48
Malloc	80
Malloc	40
Malloc	48
Malloc	80
Malloc	40
Malloc	48
Malloc	80
Malloc	40
Malloc	48
Malloc	80
Malloc	40
Malloc	48
Malloc	80
Malloc	40
Malloc	48
Malloc	80
Malloc	40
Malloc	48
Malloc	80
Malloc	40
Malloc	48
Malloc	80
Malloc	40
Malloc	48
Malloc	80
Malloc	40
Malloc	48
Malloc	80
Malloc	40
Malloc	48
Malloc	80
Malloc	40
Malloc	48
Malloc	80
Malloc	40
Malloc	48
Malloc	80
Malloc	40
Malloc	48
Malloc	80
Malloc	40
Malloc	48
Malloc	80
Malloc	40
Malloc	48
Malloc	80
Malloc	40
Malloc	48
Malloc	80
Malloc	40
Malloc	48
Malloc	80
Malloc	40
Malloc	48
Malloc	80
Malloc	40
Malloc	48
Malloc	80
Malloc	40
Malloc	48
Malloc	80
Malloc	40
Malloc	48
Malloc	80
Malloc	40
Malloc	48
Malloc	80
Malloc	40
Malloc	48
Malloc	80
Malloc	40
Malloc	48
Malloc	80
Malloc	40
Malloc	48
Malloc	80
Malloc	40
Malloc	48
Malloc	80
Malloc	40
Malloc	48
Malloc	80
Malloc	40
Malloc	48
Malloc	80
Malloc	40
Malloc	48
Malloc	80
Malloc	40
Malloc	48
Malloc	80
Malloc	40
Malloc	48
Malloc	80
Malloc	40
Malloc	48
Malloc	80
Malloc	40
Malloc	48
Malloc	80
Malloc	40
Malloc	48
Malloc	80
Malloc	40
Malloc	48
Malloc	80
Malloc	40
Malloc	48
Malloc	80
Malloc	40
Malloc	48
Malloc	80
Malloc	40
Malloc	48
Malloc	80
Malloc	40
Malloc	48
Malloc	80
Malloc	40
Malloc	48
Malloc	80
Malloc	40
Malloc	48
Malloc	80
Malloc	40
Malloc	48
Malloc	80
Malloc	40
Malloc	48
Malloc	80
Malloc	40
Malloc	48
Malloc	80
Malloc	40
Malloc	48
Malloc	80
Malloc	40
Malloc	48
Malloc	80
Malloc	40
Malloc	48
Malloc	80
Malloc	40
Malloc	48
Malloc	80
Malloc	40
Malloc	48
Malloc	80
Malloc	40
Malloc	48
Malloc	80
Malloc	40
Malloc	48
Malloc	80
Malloc	40
Malloc	48
Malloc	80
Malloc	40
Malloc	48
Malloc	80
Malloc	40
Malloc	48
Malloc	80
Malloc	40
Malloc	48
Malloc	80
Malloc	40
Malloc	48
Malloc	80
Malloc	40
Malloc	48
Malloc	80
Malloc	40
Malloc	48
Malloc	80
Malloc	40
Malloc	48
Malloc	80
Malloc	40
Malloc	48
Malloc	80
Malloc	40
Malloc	48
Malloc	80
Malloc	40
Malloc	48
Malloc	80
Malloc	40
Malloc	48
Malloc	80
Malloc	40
Malloc	48
Malloc	80
Malloc	40
Malloc	48
Malloc	80
Malloc	40
Malloc	48
Malloc	80
Malloc	40
Malloc	48
Malloc	80
Malloc	40
Malloc	48
Malloc	80
Malloc	40
Malloc	48
Malloc	80
Malloc	40
Malloc	48
Malloc	80
Malloc	40
Malloc	48
Malloc	80
Malloc	40
Malloc	48
Malloc	80
Malloc	40
Malloc	48
Malloc	80
Malloc	40
Malloc	48
Malloc	80
Malloc	40
Malloc	48
Malloc	80
Malloc	40
Malloc	48
Malloc	80
Malloc	40
Malloc	48
Malloc	80
Malloc	40
Malloc	48
Malloc	80
Malloc	40
Malloc	48
Malloc	80
Malloc	40
Malloc	48
Malloc	80
Malloc	40
Malloc	48
Malloc	80
Malloc	40
Malloc	48
Malloc	80
Malloc	40
Malloc	48
Malloc	80
Malloc	40
Malloc	48
Malloc	80
Malloc	40
Malloc	48
Malloc	80
Malloc	40
Malloc	48
Malloc	80
Malloc	40
Malloc	48
Malloc	80
Malloc	40
Malloc	48
Malloc	80
Malloc	40
Malloc	48
Malloc	80
Malloc	40
Malloc	48
Malloc	80
Malloc	40
Malloc	48
Malloc	80
Malloc	40
Malloc	48
Malloc	80
Malloc	40
Malloc	48
Malloc	80
Malloc	40
Malloc	48
Malloc	80
Malloc	40
Malloc	48
Malloc	80
Malloc	40
Malloc	48
Malloc	80
Malloc	40
Malloc	48
Malloc	80
Malloc	40
Malloc	48
Malloc	80
Malloc	40
Malloc	48
Malloc	80
Malloc	40
Malloc	48
Malloc	80
Malloc	40
Malloc	48
Malloc	80
Malloc	40
Malloc	48
Malloc	80
Malloc	40
Malloc	48
Malloc	80
Malloc	40
Malloc	48
Malloc	80
Malloc	40
Malloc	48
Malloc	80
Malloc	40
Malloc	48
Malloc	80
Malloc	40
Malloc	48
Malloc	80
Malloc	40
Malloc	48
Malloc	80
Malloc	40
Malloc	48
Malloc	80
Malloc	40
Malloc	48
Malloc	80
Malloc	40
Malloc	48
Malloc	80
Malloc	40
Malloc	48
Malloc	80
Malloc	40
Malloc	48
Malloc	80
Malloc	40
Malloc	48
Malloc	80
Malloc	40
Malloc	48
Malloc	80
Malloc	40
Malloc	48
Malloc	80
Malloc	40
Malloc	48
Malloc	80
Malloc	40
Malloc	48
Malloc	80
Malloc	40
Malloc	48
Malloc	80
Malloc	40
Malloc	48
Malloc	80
Malloc	40
Malloc	48
Malloc	80
Malloc	40
Malloc	48
Malloc	80
Malloc	40
Malloc	48
Malloc	80
Malloc	40
Malloc	48
Malloc	80
Malloc	40
Malloc	48
Malloc	80
Malloc	40
Malloc	48
Malloc	80
Malloc	40
Malloc	48
Malloc	80
Malloc	40
Malloc	48
Malloc	80
Malloc	40
Malloc	48
Malloc	80
Malloc	40
Malloc	48
Malloc	80
Malloc	40
Malloc	48
Malloc	80
Malloc	40
Malloc	48
Malloc	80
Malloc	40
Malloc	48
Malloc	80
Malloc	40
Malloc	48
Malloc	80
Malloc	40
Malloc	48
Malloc	80
Malloc	40
Malloc	48
Malloc	80
Malloc	40
Malloc	48
Malloc	80
Malloc	40
Malloc	48
Malloc	80
Malloc	40
Malloc	48
Malloc	80
Malloc	40
Malloc	48
Malloc	80
Malloc	40
Malloc	48
Malloc	80
Malloc	40
Malloc	48
Malloc	80
Malloc	40
Malloc	48
Malloc	80
Malloc	40
Malloc	48
Malloc	80
Malloc	40
Malloc	48
Malloc	80
Malloc	40
Malloc	48
Malloc	80
Malloc	40
Malloc	48
Malloc	80
Malloc	40
Malloc	48
Malloc	80
Malloc	40
Malloc	48
Malloc	80
Malloc	40
Malloc	48
Malloc	80
Malloc	40
Malloc	48
Malloc	80
Malloc	40
Malloc	48
Malloc	80
Malloc	40
Malloc	48
Malloc	80
Malloc	40
Malloc	48
Malloc	80
Malloc	40
Malloc	48
Malloc	80
Malloc	40
Malloc	48
Malloc	80
Malloc	40
Malloc	48
Malloc	80
Malloc	40
Malloc	48
Malloc	80
Malloc	40
Malloc	48
Malloc	80
Malloc	40
Malloc	48
Malloc	80
Malloc	40
Malloc	48
Malloc	80
Malloc	40
Malloc	48
Malloc	80
Malloc	40
Malloc	48
Malloc	80
Malloc	40
Malloc	48
Malloc	80
Malloc	40
Malloc	48
Malloc	80
Malloc	40
Malloc	48
Malloc	80
Malloc	40
Malloc	48
Malloc	80
Malloc	40
Malloc	48
Malloc	80
Malloc	40
Malloc	48
Malloc	80
Malloc	40
Malloc	48
Malloc	80
Malloc	40
Malloc	48
Malloc	80
Malloc	40
Malloc	48
Malloc	80
Malloc	40
Malloc	48
Malloc	80
Malloc	40
Malloc	48
Malloc	80
Malloc	40
Malloc	48
Malloc	80
Malloc	40
Malloc	48
Malloc	80
Malloc	40
Malloc	48
Malloc	80
Malloc	40
Malloc	48
Malloc	80
Malloc	40
Malloc	48
Malloc	80
Malloc	40
Malloc	48
Malloc	80
Malloc	40
Malloc	48
Malloc	80
Malloc	40
Malloc	48
Malloc	80
Malloc	40
Malloc	48
Malloc	80
Malloc	40
Malloc	48
Malloc	80
Malloc	40
Malloc	48
Malloc	80
Malloc	40
Malloc	48
Malloc	80
Malloc	40
Malloc	48
Malloc	80
Malloc	40
Malloc	48
Malloc	80
Malloc	40
Malloc	48
Malloc	80
Malloc	40
Malloc	48
Malloc	80
Malloc	40
Malloc	48
Malloc	80
Malloc	40
Malloc	48
Malloc	80
Malloc	40
Malloc	48
Malloc	80
Malloc	40
Malloc	48
Malloc	80
Malloc	40
Malloc	48
Malloc	80
Malloc	40
Malloc	48
Malloc	80
Malloc	40
Malloc	48
Malloc	80
Malloc	40
Malloc	48
Malloc	80
Malloc	40
Malloc	48
Malloc	80
Malloc	40
Malloc	48
Malloc	80
Malloc	40
Malloc	48
Malloc	80
Malloc	40
Malloc	48
Malloc	80
Malloc	40
Malloc	48
Malloc	80
Malloc	40
Malloc	48
Malloc	80
Malloc	40
Malloc	48
Malloc	80
Malloc	40
Malloc	48
Malloc	80
Malloc	40
Malloc	48
Malloc	80
Malloc	40
Malloc	48
Malloc	80
Malloc	40
Malloc	48
Malloc	80
Malloc	40
Malloc	48
Malloc	80
Malloc	40
Malloc	48
Malloc	80
Malloc	40
Malloc	48
Malloc	80
Malloc	40
Malloc	48
Malloc	80
Malloc	40
Malloc	48
Malloc	80
Malloc	40
Malloc	48
Malloc	80
Malloc	40
Malloc	48
Malloc	80
Malloc	40
Malloc	48
Malloc	80
Malloc	40
Malloc	48
Malloc	80
Malloc	40
Malloc	48
Malloc	80
Malloc	40
Malloc	48
Malloc	80
Malloc	40
Malloc	48
Malloc	80
Malloc	40
Malloc	48
Malloc	80
Malloc	40
Malloc	48
Malloc	80
Malloc	40
Malloc	48
Malloc	80
Malloc	40
Malloc	48
Malloc	80
Malloc	40
Malloc	48
Malloc	80
Malloc	40
Malloc	48
Malloc	80
Malloc	40
Malloc	48
Malloc	80
Malloc	40
Malloc	48
Malloc	80
Malloc	40
Malloc	48
Malloc	80
Malloc	40
Malloc	48
Malloc	80
Malloc	40
Malloc	48
Malloc	80
Malloc	40
Malloc	48
Malloc	80
Malloc	40
Malloc	48
Malloc	80
Malloc	40
Malloc	48
Malloc	80
Malloc	40
Malloc	48
Malloc	80
Malloc	40
Malloc	48
Malloc	80
Malloc	40
Malloc	48
Malloc	80
Malloc	40
Malloc	48
Malloc	80
Malloc	40
Malloc	48
Malloc	80
Malloc	40
Malloc	48
Malloc	80
Malloc	40
Malloc	48
Malloc	80
Malloc	40
Malloc	48
Malloc	80
Malloc	40
Malloc	48
Malloc	80
Malloc	40
Malloc	48
Malloc	80
Malloc	40
Malloc	48
Malloc	80
Malloc	40
Malloc	48
Malloc	80
Malloc	40
Malloc	48
Malloc	80
Malloc	40
Malloc	48
Malloc	80
Malloc	40
Malloc	48
Malloc	80
Malloc	40
Malloc	48
Malloc	80
Malloc	40
Malloc	48
Malloc	80
Malloc	40
Malloc	48
Malloc	80
Malloc	40
Malloc	48
Malloc	80
Malloc	40
Malloc	48
Malloc	80
Malloc	40
Malloc	48
Malloc	80
Malloc	40
Malloc	48
Malloc	80
Malloc	40
Malloc	48
Malloc	80
Malloc	40
Malloc	48
Malloc	80
Malloc	40
Malloc	48
Malloc	80
Malloc	40
Malloc	48
Malloc	80
Malloc	40
Malloc	48
Malloc	80
Malloc	40
Malloc	48
Malloc	80
Malloc	40
Malloc	48
Malloc	80
Malloc	40
Malloc	48
Malloc	80
Malloc	40
Malloc	48
Malloc	80
Malloc	40
Malloc	48
Malloc	80
Malloc	40
Malloc	48
Malloc	80
Malloc	40
Malloc	48
Malloc	80
Malloc	40
Malloc	48
Malloc	80
Malloc	40
Malloc	48
Malloc	80
Malloc	40
Malloc	48
Malloc	80
Malloc	40
Malloc	48
Malloc	80
Malloc	40
Malloc	48
Malloc	80
Malloc	40
Malloc	48
Malloc	80
Malloc	40
Malloc	48
Malloc	80
Malloc	40
Malloc	48
Malloc	80
Malloc	40
Malloc	48
Malloc	80
Malloc	40
Malloc	48
Malloc	80
Malloc	40
Malloc	48
Malloc	80
Malloc	40
Malloc	48
Malloc	80
Malloc	40
Malloc	48
Malloc	80
Malloc	40
Malloc	48
Malloc	80
Malloc	40
Malloc	48
Malloc	80
Malloc	40
Malloc	48
Malloc	80
Malloc	40
Malloc	48
Malloc	80
Malloc	40
Malloc	48
Malloc	80
Malloc	40
Malloc	48
Malloc	80
Malloc	40
Malloc	48
Malloc	80
Malloc	40
Malloc	48
Malloc	80
Malloc	40
Malloc	48
Malloc	80
Malloc	40
Malloc	48
Malloc	80
Malloc	40
Malloc	48
Malloc	80
Malloc	40
Malloc	48
Malloc	80
Malloc	40
Malloc	48
Malloc	80
Malloc	40
Malloc	48
Malloc	80
Malloc	40
Malloc	48
Malloc	80
Malloc	40
Malloc	48
Malloc	80
Malloc	40
Malloc	48
Malloc	80
Malloc	40
Malloc	48
Malloc	80
Malloc	40
Malloc	48
Malloc	80
Malloc	40
Malloc	48
Malloc	80
Malloc	40
Malloc	48
Malloc	80
Malloc	40
Malloc	48
Malloc	80
Malloc	40
Malloc	48
Malloc	80
Malloc	40
Malloc	48
Malloc	80
Malloc	40
Malloc	48
Malloc	80
Malloc	40
Malloc	48
Malloc	80
Malloc	40
Malloc	48
Malloc	80
Malloc	40
Malloc	48
Malloc	80
Malloc	40
Malloc	48
Malloc	80
Malloc	40
Malloc	48
Malloc	80
Malloc	40
Malloc	48
Malloc	80
Malloc	40
Malloc	48
Malloc	80
Malloc	40
Malloc	48
Malloc	80
Malloc	40
Malloc	48
Malloc	80
Malloc	40
Malloc	48
Malloc	80
Malloc	40
Malloc	48
Malloc	80
Malloc	40
Malloc	48
Malloc	80
Malloc	40
Malloc	48
Malloc	80
Malloc	40
Malloc	48
Malloc	80
Malloc	40
Malloc	48
Malloc	80
Malloc	40
Malloc	48
Malloc	80
Malloc	40
Malloc	48
Malloc	80
Malloc	40
Malloc	48
Malloc	80
Malloc	40
Malloc	48
Malloc	80
Malloc	40
Malloc	48
Malloc	80
Malloc	40
Malloc	48
Malloc	80
Malloc	40
Malloc	48
Malloc	80
Malloc	40
Malloc	48
Malloc	80
Malloc	40
Malloc	48
Malloc	80
Malloc	40
Malloc	48
Malloc	80
Malloc	40
Malloc	48
Malloc	80
Malloc	40
Malloc	48
Malloc	80
Malloc	40
Malloc	48
Malloc	80
Malloc	40
Malloc	48
Malloc	80
Malloc	40
Malloc	48
Malloc	80
Malloc	40
Malloc	48
Malloc	80
Malloc	40
Malloc	48
Malloc	80
Malloc	40
Malloc	48
Malloc	80
Malloc	40
Malloc	48
Malloc	80
Malloc	40
Malloc	48
Malloc	80
Malloc	40
Malloc	48
Malloc	80
Malloc	40
Malloc	48
Malloc	80
Malloc	40
Malloc	48
Malloc	80
Malloc	40
Malloc	48
Malloc	80
Malloc	40
Malloc	48
Malloc	80
Malloc	40
Malloc	48
Malloc	80
Malloc	40
Malloc	48
Malloc	80
Malloc	40
Malloc	48
Malloc	80
Malloc	40
Malloc	48
Malloc	80
Malloc	40
Malloc	48
Malloc	80
Malloc	40
Malloc	48
Malloc	80
Malloc	40
Malloc	48
Malloc	80
Malloc	40
Malloc	48
Malloc	80
Malloc	40
Malloc	48
Malloc	80
Malloc	40
Malloc	48
Malloc	80
Malloc	40
Malloc	48
Malloc	80
Malloc	40
Malloc	48
Malloc	80
Malloc	40
Malloc	48
Malloc	80
Malloc	40
Malloc	48
Malloc	80
Malloc	40
Malloc	48
Malloc	80
Malloc	40
Malloc	48
Malloc	80
Malloc	40
Malloc	48
Malloc	80
Malloc	40
Malloc	48
Malloc	80
Malloc	40
Malloc	48
Malloc	80
Malloc	40
Malloc	48
Malloc	80
Malloc	40
Malloc	48
Malloc	80
Malloc	40
Malloc	48
Malloc	80
Malloc	40
Malloc	48
Malloc	80
Malloc	40
Malloc	48
Malloc	80
Malloc	40
Malloc	48
Malloc	80
Malloc	40
Malloc	48
Malloc	80
Malloc	40
Malloc	48
Malloc	80
Malloc	40
Malloc	48
Malloc	80
Malloc	40
Malloc	48
Malloc	80
Malloc	40
Malloc	48
Malloc	80
Malloc	40
Malloc	48
Malloc	80
Malloc	40
Malloc	48
Malloc	80
Malloc	40
Malloc	48
Malloc	80
Malloc	40
Malloc	48
Malloc	80
Malloc	40
Malloc	48
Malloc	80
Malloc	40
Malloc	48
Malloc	80
Malloc	40
Malloc	48
Malloc	80
Malloc	40
Malloc	48
Malloc	80
Malloc	40
Malloc	48
Malloc	80
Malloc	40
Malloc	48
Malloc	80
Malloc	40
Malloc	48
Malloc	80
Malloc	40
Malloc	48
Malloc	80
Malloc	40
Malloc	48
Malloc	80
Malloc	40
Malloc	48
Malloc	80
Malloc	40
Malloc	48
Malloc	80
Malloc	40
Malloc	48
Malloc	80
Malloc	40
Malloc	48
Malloc	80
Malloc	40
Malloc	48
Malloc	80
Malloc	40
Malloc	48
Malloc	80
Malloc	40
Malloc	48
Malloc	80
Malloc	40
Malloc	48
Malloc	80
Malloc	40
Malloc	48
Malloc	80
Malloc	40
Malloc	48
Malloc	80
Malloc	40
Malloc	48
Malloc	80
Malloc	40
Malloc	48
Malloc	80
Malloc	40
Malloc	48
Malloc	80
Malloc	40
Malloc	48
Malloc	80
Malloc	40
Malloc	48
Malloc	80
Malloc	40
Malloc	48
Malloc	80
Malloc	40
Malloc	48
Malloc	80
Malloc	40
Malloc	48
Malloc	80
Malloc	40
Malloc	48
Malloc	80
Malloc	40
Malloc	48
Malloc	80
Malloc	40
Malloc	48
Malloc	80
Malloc	40
Malloc	48
Malloc	80
Malloc	40
Malloc	48
Malloc	80
Malloc	40
Malloc	48
Malloc	80
Malloc	40
Malloc	48
Malloc	80
Malloc	40
Malloc	48
Malloc	80
Malloc	40
Malloc	48
Malloc	80
Malloc	40
Malloc	48
Malloc	80
Malloc	40
Malloc	48
Malloc	80
Malloc	40
Malloc	48
Malloc	80
Malloc	40
Malloc	48
Malloc	80
Malloc	40
Malloc	48
Malloc	80
Malloc	40
Malloc	48
Malloc	80
Malloc	40
Malloc	48
Malloc	80
Malloc	40
Malloc	48
Malloc	80
Malloc	40
Malloc	48
Malloc	80
Malloc	40
Malloc	48
Malloc	80
Malloc	40
Malloc	48
Malloc	80
Malloc	40
Malloc	48
Malloc	80
Malloc	40
Malloc	48
Malloc	80
Malloc	40
Malloc	48
Malloc	80
Malloc	40
Malloc	48
Malloc	80
Malloc	40
Malloc	48
Malloc	80
Malloc	40
Malloc	48
Malloc	80
Malloc	40
Malloc	48
Malloc	80
Malloc	40
Malloc	48
Malloc	80
Malloc	40
Malloc	48
Malloc	80
Malloc	40
Malloc	48
Malloc	80
Malloc	40
Malloc	48
Malloc	80
Malloc	40
Malloc	48
Malloc	80
Malloc	40
Malloc	48
Malloc	80
Malloc	40
Malloc	48
Malloc	80
Malloc	40
Malloc	48
Malloc	80
Malloc	40
Malloc	48
Malloc	80
Malloc	40
Malloc	48
Malloc	80
Malloc	40
Malloc	48
Malloc	80
Malloc	40
Malloc	48
Malloc	80
Malloc	40
Malloc	48
Malloc	80
Malloc	40
Malloc	48
Malloc	80
Malloc	40
Malloc	48
Malloc	80
Malloc	40
Malloc	48
Malloc	80
Malloc	40
Malloc	48
Malloc	80
Malloc	40
Malloc	48
Malloc	80
Malloc	40
Malloc	48
Malloc	80
Malloc	40
Malloc	48
Malloc	80
Malloc	40
Malloc	48
Malloc	80
Malloc	40
Malloc	48
Malloc	80
Malloc	40
Malloc	48
Malloc	80
Malloc	40
Malloc	48
Malloc	80
Malloc	40
Malloc	48
Malloc	80
Malloc	40
Malloc	48
Malloc	80
Malloc	40
Malloc	48
Malloc	80
Malloc	40
Malloc	48
Malloc	80
Malloc	40
Malloc	48
Malloc	80
Malloc	40
Malloc	48
Malloc	80
Malloc	40
Malloc	48
Malloc	80
Malloc	40
Malloc	48
Malloc	80
Malloc	40
Malloc	48
Malloc	80
Malloc	40
Malloc	48
Malloc	80
Malloc	40
Malloc	48
Malloc	80
Malloc	40
Malloc	48
Malloc	80
Malloc	40
Malloc	48
Malloc	80
Malloc	40
Malloc	48
Malloc	80
Malloc	40
Malloc	48
Malloc	80
Malloc	40
Malloc	48
Malloc	80
Malloc	40
Malloc	48
Malloc	80
Malloc	40
Malloc	48
Malloc	80
Malloc	40
Malloc	48
Malloc	80
Malloc	40
Malloc	48
Malloc	80
Malloc	40
Malloc	48
Malloc	80
Malloc	40
Malloc	48
Malloc	80
Malloc	40
Malloc	48
Malloc	80
Malloc	40
Malloc	48
Malloc	80
Malloc	40
Malloc	48
Malloc	80
Malloc	40
Malloc	48
Malloc	80
Malloc	40
Malloc	48
Malloc	80
Malloc	40
Malloc	48
Malloc	80
Malloc	40
Malloc	48
Malloc	80
Malloc	40
Malloc	48
Malloc	80
Malloc	40
Malloc	48
Malloc	80
Malloc	40
Malloc	48
Malloc	80
Malloc	40
Malloc	48
Malloc	80
Malloc	40
Malloc	48
Malloc	80
Malloc	40
Malloc	48
Malloc	80
Malloc	40
Malloc	48
Malloc	80
Malloc	40
Malloc	48
Malloc	80
Malloc	40
Malloc	48
Malloc	80
Malloc	40
Malloc	48
Malloc	80
Malloc	40
Malloc	48
Malloc	80
Malloc	40
Malloc	48
Malloc	80
Malloc	40
Malloc	48
Malloc	80
Malloc	40
Malloc	48
Malloc	80
Malloc	40
Malloc	48
Malloc	80
Malloc	40
Malloc	48
Malloc	80
Malloc	40
Malloc	48
Malloc	80
Malloc	40
Malloc	48
Malloc	80
Malloc	40
Malloc	48
Malloc	80
Malloc	40
Malloc	48
Malloc	80
Malloc	40
Malloc	48
Malloc	80
Malloc	40
Malloc	48
Malloc	80
Malloc	40
Malloc	48
Malloc	80
Malloc	40
Malloc	48
Malloc	80
Malloc	40
Malloc	48
Malloc	80
Malloc	40
Malloc	48
Malloc	80
Malloc	40
Malloc	48
Malloc	80
Malloc	40
Malloc	48
Malloc	80
Malloc	40
Malloc	48
Malloc	80
Malloc	40
Malloc	48
Malloc	80
Malloc	40
Malloc	48
Malloc	80
Malloc	40
Malloc	48
Malloc	80
Malloc	40
Malloc	48
Malloc	80
Malloc	40
Malloc	48
Malloc	80
Malloc	40
Malloc	48
Malloc	80
Malloc	40
Malloc	48
Malloc	80
Malloc	40
Malloc	48
Malloc	80
Malloc	40
Malloc	48
Malloc	80
Malloc	40
Malloc	48
Malloc	80
Malloc	40
Malloc	48
Malloc	80
Malloc	40
Malloc	48
Malloc	80
Malloc	40
Malloc	48
Malloc	80
Malloc	40
Malloc	48
Malloc	80
Malloc	40
Malloc	48
Malloc	80
Malloc	40
Malloc	48
Malloc	80
Malloc	40
Malloc	48
Malloc	80
Malloc	40
Malloc	48
Malloc	80
Malloc	40
Malloc	48
Malloc	80
Malloc	40
Malloc	48
Malloc	80
Malloc	40
Malloc	48
Malloc	80
Malloc	40
Malloc	48
Malloc	80
Malloc	40
Malloc	48
Malloc	80
Malloc	40
Malloc	48
Malloc	80
Malloc	40
Malloc	48
Malloc	80
Malloc	40
Malloc	48
Malloc	80
Malloc	40
Malloc	48
Malloc	80
Malloc	40
Malloc	48
Malloc	80
Malloc	40
Malloc	48
Malloc	80
Malloc	40
Malloc	48
Malloc	80
Malloc	40
Malloc	48
Malloc	80
Malloc	40
Malloc	48
Malloc	80
Malloc	40
Malloc	48
Malloc	80
Malloc	40
Malloc	48
Malloc	80
Malloc	40
Malloc	48
Malloc	80
Malloc	40
Malloc	48
Malloc	80
Malloc	40
Malloc	48
Malloc	80
Malloc	40
Malloc	48
Malloc	80
Malloc	40
Malloc	48
Malloc	80
Malloc	40
Malloc	48
Malloc	80
Malloc	40
Malloc	48
Malloc	80
Malloc	40
Malloc	48
Malloc	80
Malloc	40
Malloc	48
Malloc	80
Malloc	40
Malloc	48
Malloc	80
Malloc	40
Malloc	48
Malloc	80
Malloc	40
Malloc	48
Malloc	80
Malloc	40
Malloc	48
Malloc	80
Malloc	40
Malloc	48
Malloc	80
Malloc	40
Malloc	48
Malloc	80
Malloc	40
Malloc	48
Malloc	80
Malloc	40
Malloc	48
Malloc	80
Malloc	40
Malloc	48
Malloc	80
Malloc	40
Malloc	48
Malloc	80
Malloc	40
Malloc	48
Malloc	80
Malloc	40
Malloc	48
Malloc	80
Malloc	40
Malloc	48
Malloc	80
Malloc	40
Malloc	48
Malloc	80
Malloc	40
Malloc	48
Malloc	80
Malloc	40
Malloc	48
Malloc	80
Malloc	40
Malloc	48
Malloc	80
Malloc	40
Malloc	48
Malloc	80
Malloc	40
Malloc	48
Malloc	80
Malloc	40
Malloc	48
Malloc	80
Malloc	40
Malloc	48
Malloc	80
Malloc	40
Malloc	48
Malloc	80
Malloc	40
Malloc	48
Malloc	80
Malloc	40
Malloc	48
Malloc	80
Malloc	40
Malloc	48
Malloc	80
Malloc	40
Malloc	48
Malloc	80
Malloc	40
Malloc	48
Malloc	80
Malloc	40
Malloc	48
Malloc	80
Malloc	40
Malloc	48
Malloc	80
Malloc	40
Malloc	48
Malloc	80
Malloc	40
Malloc	48
Malloc	80
Malloc	40
Malloc	48
Malloc	80
Malloc	40
Malloc	48
Malloc	80
Malloc	40
Malloc	48
Malloc	80
Malloc	40
Malloc	48
Malloc	80
Malloc	40
Malloc	48
Malloc	80
Malloc	40
Malloc	48
Malloc	80
Malloc	40
Malloc	48
Malloc	80
Malloc	40
Malloc	48
Malloc	80
Malloc	40
Malloc	48
Malloc	80
Malloc	40
Malloc	48
Malloc	80
Malloc	40
Malloc	48
Malloc	80
Malloc	40
Malloc	48
Malloc	80
Malloc	40
Malloc	48
Malloc	80
Malloc	40
Malloc	48
Malloc	80
Malloc	40
Malloc	48
Malloc	80
Malloc	40
Malloc	48
Malloc	80
Malloc	40
Malloc	48
Malloc	80
Malloc	40
Malloc	48
Malloc	80
Malloc	40
Malloc	48
Malloc	80
Malloc	40
Malloc	48
Malloc	80
Malloc	40
Malloc	48
Malloc	80
Malloc	40
Malloc	48
Malloc	80
Malloc	40
Malloc	48
Malloc	80
Malloc	40
Malloc	48
Malloc	80
Malloc	40
Malloc	48
Malloc	80
Malloc	40
Malloc	48
Malloc	80
Malloc	40
Malloc	48
Malloc	80
Malloc	40
Malloc	48
Malloc	80
Malloc	40
Malloc	48
Malloc	80
Malloc	40
Malloc	48
Malloc	80
Malloc	40
Malloc	48
Malloc	80
Malloc	40
Malloc	48
Malloc	80
Malloc	40
Malloc	48
Malloc	80
Malloc	40
Malloc	48
Malloc	80
Malloc	40
Malloc	48
Malloc	80
Malloc	40
Malloc	48
Malloc	80
Malloc	40
Malloc	48
Malloc	80
Malloc	40
Malloc	48
Malloc	80
Malloc	40
Malloc	48
Malloc	80
Malloc	40
Malloc	48
Malloc	80
Malloc	40
Malloc	48
Malloc	80
Malloc	40
Malloc	48
Malloc	80
Malloc	40
Malloc	48
Malloc	80
Malloc	40
Malloc	48
Malloc	80
Malloc	40
Malloc	48
Malloc	80
Malloc	40
Malloc	48
Malloc	80
Malloc	40
Malloc	48
Malloc	80
Malloc	40
Malloc	48
Malloc	80
Malloc	40
Malloc	48
Malloc	80
Malloc	40
Malloc	48
Malloc	80
Malloc	40
Malloc	48
Malloc	80
Malloc	40
Malloc	48
Malloc	80
Malloc	40
Malloc	48
Malloc	80
Malloc	40
Malloc	48
Malloc	80
Malloc	40
Malloc	48
Malloc	80
Malloc	40
Malloc	48
Malloc	80
Malloc	40
Malloc	48
Malloc	80
Malloc	40
Malloc	48
Malloc	80
Malloc	40
Malloc	48
Malloc	80
Malloc	40
Malloc	48
Malloc	80
Malloc	40
Malloc	48
Malloc	80
Malloc	40
Malloc	48
Malloc	80
Malloc	40
Malloc	48
Malloc	80
Malloc	40
Malloc	48
Malloc	80
Malloc	40
Malloc	48
Malloc	80
Malloc	40
Malloc	48
Malloc	80
Malloc	40
Malloc	48
Malloc	80
Malloc	40
Malloc	48
Malloc	80
Malloc	40
Malloc	48
Malloc	40
Malloc	48
Malloc	40
Malloc	48
Malloc	40
Malloc	48
Malloc	40
Malloc	48
Malloc	40
Malloc	48
Malloc	40
Malloc	48
Malloc	40
Malloc	48
Malloc	40
Malloc	48
Malloc	40
Malloc	48
Malloc	40
Malloc	48
Malloc	40
Malloc	48
Malloc	40
Malloc	48
Malloc	40
Malloc	48
Malloc	40
Malloc	48
Malloc	40
Malloc	48
Malloc	40
Malloc	48
Malloc	40
Malloc	48
Malloc	40
Malloc	48
Malloc	40
Malloc	48
Malloc	40
Malloc	48
Malloc	40
Malloc	48
Malloc	40
Malloc	48
Malloc	40
Malloc	48
Malloc	40
Malloc	48
Malloc	40
Malloc	48
Malloc	40
Malloc	48
Malloc	40
Malloc	48
Malloc	40
Malloc	48
Malloc	40
Malloc	48
Malloc	40
Malloc	48
Malloc	40
Malloc	48
Malloc	40
Malloc	48
Malloc	40
Malloc	48
Malloc	40
Malloc	48
Malloc	40
Malloc	48
Malloc	40
Malloc	48
Malloc	40
Malloc	48
Malloc	40
Malloc	48
Malloc	40
Malloc	48
Malloc	40
Malloc	48
Malloc	40
Malloc	48
Malloc	40
Malloc	48
Malloc	40
Malloc	48
Malloc	40
Malloc	48
Malloc	40
Malloc	48
Malloc	40
Malloc	48
Malloc	40
Malloc	48
Malloc	40
Malloc	48
Malloc	40
Malloc	48
Malloc	40
Malloc	48
Malloc	40
Malloc	48
Malloc	40
Malloc	48
Malloc	40
Malloc	48
Malloc	40
Malloc	48
Malloc	40
Malloc	48
Malloc	40
Malloc	48
Malloc	40
Malloc	48
Malloc	40
Malloc	48
Malloc	40
Malloc	48
Malloc	40
Malloc	48
Malloc	40
Malloc	48
Malloc	40
Malloc	48
Malloc	40
Malloc	48
Malloc	40
Malloc	48
Malloc	40
Malloc	48
Malloc	40
Malloc	48
Malloc	40
Malloc	48
Malloc	40
Malloc	48
Malloc	40
Malloc	48
Malloc	40
Malloc	48
Malloc	40
Malloc	48
Malloc	40
Malloc	48
Malloc	40
Malloc	48
Malloc	40
Malloc	48
Malloc	40
Malloc	48
Malloc	40
Malloc	48
Malloc	40
Malloc	48
Malloc	40
Malloc	48
Malloc	40
Malloc	48
Malloc	40
Malloc	48
Malloc	40
Malloc	48
Malloc	40
Malloc	48
Malloc	40
Malloc	48
Malloc	40
Malloc	48
Malloc	40
Malloc	48
Malloc	40
Malloc	48
Malloc	40
Malloc	48
Malloc	40
Malloc	48
Malloc	40
Malloc	48
Malloc	40
Malloc	48
Malloc	40
Malloc	48
Malloc	40
Malloc	48
Malloc	40
Malloc	48
Malloc	40
Malloc	48
Malloc	40
Malloc	48
Malloc	40
Malloc	48
Malloc	40
Malloc	48
Malloc	40
Malloc	48
Malloc	40
Malloc	48
Malloc	40
Malloc	48
Malloc	40
Malloc	48
Malloc	40
Malloc	48
Malloc	40
Malloc	48
Malloc	40
Malloc	48
Malloc	40
Malloc	48
Malloc	40
Malloc	48
Malloc	40
Malloc	48
Malloc	40
Malloc	48
Malloc	40
Malloc	48
Malloc	40
Malloc	48
Malloc	40
Malloc	48
Malloc	40
Malloc	48
Malloc	40
Malloc	48
Malloc	40
Malloc	48
Malloc	40
Malloc	48
Malloc	40
Malloc	48
Malloc	40
Malloc	48
Malloc	40
Malloc	48
Malloc	40
Malloc	48
Malloc	40
Malloc	48
Malloc	40
Malloc	48
Malloc	40
Malloc	48
Malloc	40
Malloc	48
Malloc	40
Malloc	48
Malloc	40
Malloc	48
Malloc	40
Malloc	48
Malloc	40
Malloc	48
Malloc	40
Malloc	48
Malloc	40
Malloc	48
Malloc	40
Malloc	48
Malloc	40
Malloc	48
Malloc	40
Malloc	48
Malloc	40
Malloc	48
Malloc	40
Malloc	48
Malloc	40
Malloc	48
Malloc	40
Malloc	48
Malloc	40
Malloc	48
Malloc	40
Malloc	48
Malloc	40
Malloc	48
Malloc	40
Malloc	48
Malloc	40
Malloc	48
Malloc	40
Malloc	48
Malloc	40
Malloc	48
Malloc	40
Malloc	48
Malloc	40
Malloc	48
Malloc	40
Malloc	48
Malloc	40
Malloc	48
Malloc	40
Malloc	48
Malloc	40
Malloc	48
Malloc	40
Malloc	48
Malloc	40
Malloc	48
Malloc	40
Malloc	48
Malloc	40
Malloc	48
Malloc	40
Malloc	48
Malloc	40
Malloc	48
Malloc	40
Malloc	48
Malloc	40
Malloc	48
Malloc	40
Malloc	48
Malloc	40
Malloc	48
Malloc	40
Malloc	48
Malloc	40
Malloc	48
Malloc	40
Malloc	48
Malloc	40
Malloc	48
Malloc	40
Malloc	48
Malloc	40
Malloc	48
Malloc	40
Malloc	48
Malloc	40
Malloc	48
Malloc	40
Malloc	48
Malloc	40
Malloc	48
Malloc	40
Malloc	48
Malloc	40
Malloc	48
Malloc	40
Malloc	48
Malloc	40
Malloc	48
Malloc	40
Malloc	48
Malloc	40
Malloc	48
Malloc	40
Malloc	48
Malloc	40
Malloc	48
Malloc	40
Malloc	48
Malloc	40
Malloc	48
Malloc	40
Malloc	48
Malloc	40
Malloc	48
Malloc	40
Malloc	48
Malloc	40
Malloc	48
Malloc	40
Malloc	48
Malloc	40
Malloc	48
Malloc	40
Malloc	48
Malloc	40
Malloc	48
Malloc	40
Malloc	48
Malloc	40
Malloc	48
Malloc	40
Malloc	48
Malloc	40
Malloc	48
Malloc	40
Malloc	48
Malloc	40
Malloc	48
Malloc	40
Malloc	48
Malloc	40
Malloc	48
Malloc	40
Malloc	48
Malloc	40
Malloc	48
Malloc	40
Malloc	48
Malloc	40
Malloc	48
Malloc	40
Malloc	48
Malloc	40
Malloc	48
Malloc	40
Malloc	48
Malloc	40
Malloc	48
Malloc	40
Malloc	48
Malloc	40
Malloc	48
Malloc	40
Malloc	48
Malloc	40
Malloc	48
Malloc	40
Malloc	48
Malloc	40
Malloc	48
Malloc	40
Malloc	48
Malloc	40
Malloc	48
Malloc	40
Malloc	48
Malloc	40
Malloc	48
Malloc	40
Malloc	48
Malloc	40
Malloc	48
Malloc	40
Malloc	48
Malloc	40
Malloc	48
Malloc	40
Malloc	48
Malloc	40
Malloc	48
Malloc	40
Malloc	48
Malloc	40
Malloc	48
Malloc	40
Malloc	48
Malloc	40
Malloc	48
Malloc	40
Malloc	48
Malloc	40
Malloc	48
Malloc	40
Malloc	48
Malloc	40
Malloc	48
Malloc	40
Malloc	48
Malloc	40
Malloc	48
Malloc	40
Malloc	48
Malloc	40
Malloc	48
Malloc	40
Malloc	48
Malloc	40
Malloc	48
Malloc	40
Malloc	48
Malloc	40
Malloc	48
Malloc	40
Malloc	48
Malloc	40
Malloc	48
Malloc	40
Malloc	48
Malloc	40
Malloc	48
Malloc	40
Malloc	48
Malloc	40
Malloc	48
Malloc	40
Malloc	48
Malloc	40
Malloc	48
Malloc	40
Malloc	48
Malloc	40
Malloc	48
Malloc	40
Malloc	48
Malloc	40
Malloc	48
Malloc	40
Malloc	48
Malloc	40
Malloc	48
Malloc	40
Malloc	48
Malloc	40
Malloc	48
Malloc	40
Malloc	48
Malloc	40
Malloc	48
Malloc	40
Malloc	48
Malloc	40
Malloc	48
Malloc	40
Malloc	48
Malloc	40
Malloc	48
Malloc	40
Malloc	48
Malloc	40
Malloc	48
Malloc	40
Malloc	48
Malloc	40
Malloc	48
Malloc	40
Malloc	48
Malloc	40
Malloc	48
Malloc	40
Malloc	48
Malloc	40
Malloc	48
Malloc	40
Malloc	48
Malloc	40
Malloc	48
Malloc	40
Malloc	48
Malloc	40
Malloc	48
Malloc	40
Malloc	48
Malloc	40
Malloc	48
Malloc	40
Malloc	48
Malloc	40
Malloc	48
Malloc	40
Malloc	48
Malloc	40
Malloc	48
Malloc	40
Malloc	48
Malloc	40
Malloc	48
Malloc	40
Malloc	48
Malloc	40
Malloc	48
Malloc	40
Malloc	48
Malloc	40
Malloc	48
Malloc	40
Malloc	48
Malloc	40
Malloc	48
Malloc	40
Malloc	48
Malloc	40
Malloc	48
Malloc	40
Malloc	48
Malloc	40
Malloc	48
Malloc	40
Malloc	48
Malloc	40
Malloc	48
Malloc	40
Malloc	48
Malloc	40
Malloc	48
Malloc	40
Malloc	48
Malloc	40
Malloc	48
Malloc	40
Malloc	48
Malloc	40
Malloc	48
Malloc	40
Malloc	48
Malloc	40
Malloc	48
Malloc	40
Malloc	48
Malloc	40
Malloc	48
Malloc	40
Malloc	48
Malloc	40
Malloc	48
Malloc	40
Malloc	48
Malloc	40
Malloc	48
Malloc	40
Malloc	48
Malloc	40
Malloc	48
Malloc	40
Malloc	48
Malloc	40
Malloc	48
Malloc	40
Malloc	48
Malloc	40
Malloc	48
Malloc	40
Malloc	48
Malloc	40
Malloc	48
Malloc	40
Malloc	48
Malloc	40
Malloc	48
Malloc	40
Malloc	48
Malloc	40
Malloc	48
Malloc	40
Malloc	48
Malloc	40
Malloc	48
Malloc	40
Malloc	48
Malloc	40
Malloc	48
Malloc	40
Malloc	48
Malloc	40
Malloc	48
Malloc	40
Malloc	48
Malloc	40
Malloc	48
Malloc	40
Malloc	48
Malloc	40
Malloc	48
Malloc	40
Malloc	48
Malloc	40
Malloc	48
Malloc	40
Malloc	48
Malloc	40
Malloc	48
Malloc	40
Malloc	48
Malloc	40
Malloc	48
Malloc	40
Malloc	48
Malloc	40
Malloc	48
Malloc	40
Malloc	48
Malloc	40
Malloc	48
Malloc	40
Malloc	48
Malloc	40
Malloc	48
Malloc	40
Malloc	48
Malloc	40
Malloc	48
Malloc	40
Malloc	48
Malloc	40
Malloc	48
Malloc	40
Malloc	48
